{
    "entryPoints": [
        "../lib/eventstream_rpc.ts",
        "../lib/greengrass/discoveryclient.ts",
        "../lib/greengrasscoreipc.ts",
        "../lib/greengrasscoreipc/client.ts",
        "../lib/iotidentity/iotidentity.ts",
        "../lib/iotjobs/iotjobs.ts",
        "../lib/iotshadow/iotshadow.ts",
        "../lib/mqtt_request_response.ts",
        "../lib/mqtt_request_response_utils.ts",
        "../build/docs/aws-crt-nodejs/lib/native/auth.ts",
        "../build/docs/aws-crt-nodejs/lib/native/binding.d.ts",
        "../build/docs/aws-crt-nodejs/lib/native/error.ts",
        "../build/docs/aws-crt-nodejs/lib/native/http.ts",
        "../build/docs/aws-crt-nodejs/lib/native/io.ts",
        "../build/docs/aws-crt-nodejs/lib/native/iot.ts",
        "../build/docs/aws-crt-nodejs/lib/native/mqtt.ts",
        "../build/docs/aws-crt-nodejs/lib/native/mqtt5.ts",
        "../build/docs/aws-crt-nodejs/lib/common/event.ts",
        "../build/docs/aws-crt-nodejs/lib/common/http.ts",
        "../build/docs/aws-crt-nodejs/lib/common/resource_safety.ts"
    ],
    "out": "../docs/node",
    "tsconfig": "../tsconfig-node.json",
    "excludeExternals": true,
    "excludePrivate": true,
    "excludeInternal": true,
    "excludeProtected": true,
    "disableSources": true,
    "categorizeByGroup": true,
    "treatWarningsAsErrors" : true,
    "plugin": ["typedoc-plugin-merge-modules"],
    "mergeModulesMergeMode": "module"
}
