{
  "RecipeFormatVersion": "2020-01-25",
  "ComponentName": "com.amazon.RpcTest",
  "ComponentVersion": "1.0.0",
  "ComponentDescription": "A simple component demonstrating GG RPC in Javascript",
  "ComponentPublisher": "Amazon",
  "ComponentConfiguration": {
    "DefaultConfiguration": {
      "accessControl": {
        "aws.greengrass.ipc.mqttproxy": {
          "com.amazon.RcpTest:mqttproxy:1": {
            "policyDescription": "Allows access to everything",
            "operations": [
              "*"
            ],
            "resources": [
              "*"
            ]
          }
        }
      }	
    }
  },
  "Manifests": [
    {
      "Platform": {
        "os": "linux"
      },
      "Lifecycle": {
        "Run": "node {artifacts:path}/dist/index.js"
      }
    },
    {
      "Platform": {
        "os": "windows"
      },
      "Lifecycle": {
        "Run": "node {artifacts:path}/dist/index.js"
      }
    }
  ]
}
