{
    "language": "Javascript",
    "runnable_file": ".",
    "runnable_region": "us-east-1",
    "runnable_main_class": "",
    "node_cmd": "node package/dist/index.js",
    "skip_install": 1,
    "arguments": [
        {
            "name": "--cert",
            "secret": "ci/GreengrassDiscovery/cert",
            "filename": "tmp_certificate.pem"
        },
        {
            "name": "--key",
            "secret": "ci/GreengrassDiscovery/key",
            "filename": "tmp_key.pem"
        },
        {
            "name": "--region",
            "data": "us-east-1"
        },
        {
            "name": "--thing_name",
            "data": "CI_Greengrass_Discovery_Thing"
        },
        {
            "name": "--topic",
            "data": "clients/CI_Greengrass_Discovery_Thing/hello/world/$INPUT_UUID"
        },
        {
            "name": "--message",
            "data": "hello GG"
        },
        {
            "name": "--count",
            "data": "2"
        },
        {
            "name": "--mode",
            "data": "publish"
        }
    ]
}
